month,Median rise in meter
1993-01-01,-0.00187312928028405
1993-02-01,-0.00475555611774325
1993-03-01,-0.0031352920923382
1993-04-01,-0.00312236626632512
1993-05-01,-0.0029886057600379
1993-06-01,-0.00245613045990467
1993-07-01,-0.00147168326657265
1993-08-01,0.00161792698781937
1993-09-01,0.00325814448297024
1993-10-01,0.00721843400970101
1993-11-01,0.00621395139023662
1993-12-01,0.00531903794035316
1994-01-01,0.0028623784892261
1994-02-01,-0.00227477145381272
1994-03-01,-0.00195831316523254
1994-04-01,-0.0018053735839203
1994-05-01,-0.00362005294300616
1994-06-01,-0.00432245573028922
1994-07-01,-0.00280305370688438
1994-08-01,-0.000634488824289292
1994-09-01,0.00301703088916838
1994-10-01,0.00818246603012085
1994-11-01,0.00747079402208328
1994-12-01,0.00614744191989303
1995-01-01,0.00265558087266982
1995-02-01,0.00180668628308922
1995-03-01,0.000627772358711809
1995-04-01,-0.00186872074846178
1995-05-01,-0.00214914977550507
1995-06-01,-0.00109931314364076
1995-07-01,-0.000723693461623043
1995-08-01,0.00166942097712308
1995-09-01,0.0074640866369009
1995-10-01,0.0110458629205823
1995-11-01,0.0113828983157873
1995-12-01,0.00837086979299784
1996-01-01,0.00423144409433007
1996-02-01,0.00242395000532269
1996-03-01,0.00102042208891362
1996-04-01,0.000908317626453936
1996-05-01,0.00212927418760955
1996-06-01,0.00185180152766407
1996-07-01,0.00511201843619347
1996-08-01,0.00623195338994265
1996-09-01,0.00964211020618677
1996-10-01,0.0155774634331465
1996-11-01,0.0163303222507238
1996-12-01,0.0102924089878798
1997-01-01,0.00618852861225605
1997-02-01,0.00300482707098126
1997-03-01,0.00343509111553431
1997-04-01,0.00253822468221188
1997-05-01,0.00476102298125625
1997-06-01,0.00608204863965511
1997-07-01,0.00829801615327597
1997-08-01,0.0135815925896168
1997-09-01,0.0190711040049791
1997-10-01,0.0228453073650599
1997-11-01,0.0195840634405613
1997-12-01,0.0160150732845068
1998-01-01,0.0126968491822481
1998-02-01,0.0123363547027111
1998-03-01,0.0121742263436317
1998-04-01,0.010842259041965
1998-05-01,0.010175559669733
1998-06-01,0.00979086756706238
1998-07-01,0.0108421947807074
1998-08-01,0.0131670702248812
1998-09-01,0.0179956946521997
1998-10-01,0.019098661839962
1998-11-01,0.0201414693146944
1998-12-01,0.018151618540287
1999-01-01,0.0147620048373938
1999-02-01,0.0121664572507143
1999-03-01,0.0118048954755068
1999-04-01,0.0111434906721115
1999-05-01,0.010480135679245
1999-06-01,0.00920949876308441
1999-07-01,0.0117913754656911
1999-08-01,0.0156263206154108
1999-09-01,0.0197168067097664
1999-10-01,0.0225673019886017
1999-11-01,0.0241286978125572
1999-12-01,0.024099089205265
2000-01-01,0.0210484210401773
2000-02-01,0.0190143212676048
2000-03-01,0.0173102971166372
2000-04-01,0.0128202047199011
2000-05-01,0.0121711036190391
2000-06-01,0.0126805491745472
2000-07-01,0.0159216914325953
2000-08-01,0.0188328269869089
2000-09-01,0.02308782748878
2000-10-01,0.0270848274230957
2000-11-01,0.028769476339221
2000-12-01,0.0255606137216091
2001-01-01,0.0237409714609385
2001-02-01,0.0198067743331194
2001-03-01,0.0189582016319036
2001-04-01,0.0177745167165995
2001-05-01,0.0175376385450363
2001-06-01,0.0185976345092058
2001-07-01,0.0213720872998238
2001-08-01,0.0254450011998415
2001-09-01,0.0296552293002605
2001-10-01,0.03057518042624
2001-11-01,0.0322564616799355
2001-12-01,0.028762087225914
2002-01-01,0.0245031844824553
2002-02-01,0.0230451878160238
2002-03-01,0.0230822078883648
2002-04-01,0.0189661271870136
2002-05-01,0.019263232126832
2002-06-01,0.0216387193650007
2002-07-01,0.0251194406300783
2002-08-01,0.0286488700658083
2002-09-01,0.0314507074654102
2002-10-01,0.0340085886418819
2002-11-01,0.0329161286354065
2002-12-01,0.0319700539112091
2003-01-01,0.030384574085474
2003-02-01,0.0265945587307215
2003-03-01,0.0235378667712212
2003-04-01,0.024136945605278
2003-05-01,0.0225252546370029
2003-06-01,0.0229484736919403
2003-07-01,0.0237261708825827
2003-08-01,0.0295570567250252
2003-09-01,0.0325178168714046
2003-10-01,0.035481721162796
2003-11-01,0.0356420688331127
2003-12-01,0.0321661494672298
2004-01-01,0.030301958322525
2004-02-01,0.0269831698387861
2004-03-01,0.0262984205037355
2004-04-01,0.025728615000844
2004-05-01,0.0246249493211508
2004-06-01,0.0259760804474354
2004-07-01,0.0264968629926443
2004-08-01,0.0306678172200918
2004-09-01,0.0361493080854416
2004-10-01,0.0390480794012547
2004-11-01,0.0375077649950981
2004-12-01,0.0370228141546249
2005-01-01,0.0350739024579525
2005-02-01,0.0321586318314075
2005-03-01,0.031492467969656
2005-04-01,0.0298567656427622
2005-05-01,0.0309938173741102
2005-06-01,0.0302517246454954
2005-07-01,0.0330553837120533
2005-08-01,0.0337563827633858
2005-09-01,0.0382958874106407
2005-10-01,0.0427320636808872
2005-11-01,0.0436422266066074
2005-12-01,0.0423596613109112
2006-01-01,0.0365287885069847
2006-02-01,0.033921018242836
2006-03-01,0.031590610742569
2006-04-01,0.0321622341871262
2006-05-01,0.0323572270572186
2006-06-01,0.0340073741972446
2006-07-01,0.0345247201621532
2006-08-01,0.0370263569056988
2006-09-01,0.0430273711681366
2006-10-01,0.0453966669738293
2006-11-01,0.0440775863826275
2006-12-01,0.0414271876215935
2007-01-01,0.038247361779213
2007-02-01,0.0327282622456551
2007-03-01,0.0331416875123978
2007-04-01,0.0351419001817703
2007-05-01,0.0337583124637604
2007-06-01,0.0317215137183666
2007-07-01,0.0334617495536804
2007-08-01,0.0349432863295078
2007-09-01,0.0406236574053764
2007-10-01,0.043514970690012
2007-11-01,0.0452560186386108
2007-12-01,0.0430641174316406
2008-01-01,0.0395563878118992
2008-02-01,0.037894431501627
2008-03-01,0.0359626039862633
2008-04-01,0.0357480011880398
2008-05-01,0.0383300855755806
2008-06-01,0.039794921875
2008-07-01,0.0394640825688839
2008-08-01,0.0411172956228256
2008-09-01,0.0457083471119404
2008-10-01,0.0483065508306026
2008-11-01,0.0498523600399494
2008-12-01,0.0487680844962597
2009-01-01,0.0443135127425194
2009-02-01,0.0395805947482586
2009-03-01,0.0396880879998207
2009-04-01,0.0392180010676384
2009-05-01,0.0391993783414364
2009-06-01,0.0392947383224964
2009-07-01,0.0407832190394402
2009-08-01,0.0447329469025135
2009-09-01,0.0512850284576416
2009-10-01,0.0543171726167202
2009-11-01,0.0541938096284866
2009-12-01,0.0519513078033924
2010-01-01,0.047314427793026
2010-02-01,0.043549969792366
2010-03-01,0.0423984825611115
2010-04-01,0.0421118922531605
2010-05-01,0.0423218533396721
2010-06-01,0.0436433106660843
2010-07-01,0.0453355275094509
2010-08-01,0.0468737781047821
2010-09-01,0.0493467301130295
2010-10-01,0.052046824246645
2010-11-01,0.0518421307206154
2010-12-01,0.048620417714119
2011-01-01,0.046434573829174
2011-02-01,0.0408026985824108
2011-03-01,0.0397240705788136
2011-04-01,0.0388410277664661
2011-05-01,0.0392081439495087
2011-06-01,0.0406944304704666
2011-07-01,0.0429863110184669
2011-08-01,0.047950591892004
2011-09-01,0.0526489280164242
2011-10-01,0.0553651973605156
2011-11-01,0.0556180886924267
2011-12-01,0.0552879720926285
2012-01-01,0.0532507114112377
2012-02-01,0.0513223521411419
2012-03-01,0.0493260584771633
2012-04-01,0.0492047220468521
2012-05-01,0.0493528470396996
2012-06-01,0.0521743334829807
2012-07-01,0.0547386817634106
2012-08-01,0.0582305565476418
2012-09-01,0.0613105371594429
2012-10-01,0.0660469830036163
2012-11-01,0.0651594698429108
2012-12-01,0.0636242479085922
2013-01-01,0.0600597746670246
2013-02-01,0.0578903220593929
2013-03-01,0.0556335262954235
2013-04-01,0.0540453270077705
2013-05-01,0.0544498339295387
2013-06-01,0.0531900860369205
2013-07-01,0.053786713629961
2013-08-01,0.0566434524953365
2013-09-01,0.0598319806158543
2013-10-01,0.06490857899189
2013-11-01,0.0653370842337608
2013-12-01,0.0619328320026398
2014-01-01,0.0599051490426064
2014-02-01,0.0579699166119099
2014-03-01,0.0567078292369843
2014-04-01,0.0551526695489883
2014-05-01,0.0545780211687088
2014-06-01,0.0556323826313019
2014-07-01,0.0593644678592682
2014-08-01,0.0614479370415211
2014-09-01,0.0660634487867355
2014-10-01,0.0701765343546867
2014-11-01,0.0687360987067223
2014-12-01,0.0678619965910912
2015-01-01,0.0674414858222008
2015-02-01,0.0655968189239502
2015-03-01,0.0656237453222275
2015-04-01,0.0635699406266212
2015-05-01,0.0644071474671364
2015-06-01,0.0634518265724182
2015-07-01,0.0668573006987572
2015-08-01,0.0708118453621864
2015-09-01,0.0773754715919495
2015-10-01,0.0811417922377586
2015-11-01,0.0795000120997429
2015-12-01,0.0772333443164825