index,Teamname,match_id,timestamp,minute,second,type.name,shot.end_location.x,GoalWidth,GoalHeight,shot.outcome.name,DistToGoal,goal
1746,New Zealand Women's,3893787,00:02:11.477,47,11,Shot,120,41.8,1.3,Goal,7.34370478709486,TRUE
1938,Australia Women's,3893788,00:06:33.019,51,33,Shot,120,37,1.8,Goal,11.9004201606498,TRUE
1728,Switzerland Women's,3893789,00:44:54.832,44,54,Shot,120,36.9,1,Goal,11.9004201606498,TRUE
2851,Switzerland Women's,3893789,00:18:53.021,63,53,Shot,120,37.2,0.2,Goal,4.99799959983992,TRUE
865,Spain Women's,3893791,00:22:11.958,22,11,Shot,120,37.9,0.4,Goal,12.9988461026354,TRUE
1005,Spain Women's,3893791,00:26:50.903,26,50,Shot,120,41.4,1.9,Goal,3.76563407675255,TRUE
392,United States Women's,3893792,00:13:38.812,13,38,Shot,120,39.5,0,Goal,13.9176147381654,TRUE
1424,United States Women's,3893792,00:51:21.170,51,21,Shot,120,40.9,0.2,Goal,20.6787330366249,TRUE
2390,United States Women's,3893792,00:31:33.728,76,33,Shot,120,42.5,0.5,Goal,13.7818721514894,TRUE
1472,Japan Women's,3893793,00:42:20.867,42,20,Shot,120,41.3,1,Goal,13.729530217746,TRUE
2187,Japan Women's,3893793,00:09:19.857,54,19,Shot,120,43.4,0.9,Goal,7.37563556583431,TRUE
2462,Japan Women's,3893793,00:16:04.980,61,4,Shot,120,39.8,1.3,Goal,7.0774289116882,TRUE
2893,Japan Women's,3893793,00:25:28.581,70,28,Shot,120,42.8,1,Goal,12.5159897730863,TRUE
3974,Japan Women's,3893793,00:55:23.531,100,23,Shot,120,42.5,0.6,Goal,11.9004201606498,TRUE
757,England Women's,3893794,00:28:36.430,28,36,Shot,120,38,0.7,Goal,12,TRUE
3517,Denmark Women's,3893795,00:43:59.353,88,59,Shot,120,38.2,1.1,Goal,16.1012421881046,TRUE
1777,South Africa Women's,3893796,00:02:27.502,47,27,Shot,120,41.5,0.9,Goal,3.96988664825584,TRUE
2281,Sweden Women's,3893796,00:19:53.119,64,53,Shot,120,42.4,0.5,Goal,9.2784697014109,TRUE
3085,Sweden Women's,3893796,00:44:13.651,89,13,Shot,120,39.1,0.7,Goal,4.31856457633783,TRUE
524,Netherlands Women's,3893797,00:12:36.173,12,36,Shot,120,41.8,1.2,Goal,10.1788997440784,TRUE
519,Germany Women's,3893799,00:10:45.698,10,45,Shot,120,43,1.8,Goal,7.10633520177594,TRUE
1568,Germany Women's,3893799,00:38:05.128,38,5,Shot,120,38.8,1,Goal,6.87313611097583,TRUE
2012,Germany Women's,3893799,00:00:20.880,45,20,Shot,120,41.2,0.2,Goal,11.6674761623926,TRUE
3667,Germany Women's,3893799,00:44:38.100,89,38,Shot,120,38.6,0.7,Goal,8.26619622317303,TRUE
3112,Italy Women's,3893800,00:41:29.091,86,29,Shot,120,37.6,1.9,Goal,11.7686022959398,TRUE
670,Brazil Women's,3893801,00:18:33.480,18,33,Shot,120,42.8,0.8,Goal,8.0448741444475,TRUE
1360,Brazil Women's,3893801,00:38:19.636,38,19,Shot,120,42.5,0.5,Goal,3.89999999999999,TRUE
1838,Brazil Women's,3893801,00:02:45.361,47,45,Shot,120,43.5,2.1,Goal,10.1434708063858,TRUE
2504,Brazil Women's,3893801,00:24:43.186,69,43,Shot,120,38.7,0.4,Goal,8.92748564826626,TRUE
770,Colombia Women's,3893802,00:29:26.402,29,26,Shot,120,37.1,0.2,Goal,11.9004201606498,TRUE
969,Colombia Women's,3893802,00:38:17.828,38,17,Shot,120,40.9,1.6,Goal,25.6124969497314,TRUE
844,Philippines Women's,3893803,00:23:29.997,23,29,Shot,120,40.1,1.9,Goal,5.10392006206993,TRUE
902,Japan Women's,3893805,00:24:12.273,24,12,Shot,120,42.6,0.5,Goal,17.5171344688565,TRUE
986,Japan Women's,3893805,00:26:37.827,26,37,Shot,120,42.9,0.9,Goal,14.7709173716462,TRUE
386,Spain Women's,3893806,00:08:41.962,8,41,Shot,120,36.7,2.3,Goal,25.5562125519413,TRUE
504,Spain Women's,3893806,00:12:40.115,12,40,Shot,120,42.2,0.6,Goal,5.3851648071345,TRUE
3187,Spain Women's,3893806,00:23:29.335,68,29,Shot,120,39.1,0.1,Goal,10.295630140987,TRUE
3212,Spain Women's,3893806,00:25:00.168,70,0,Shot,120,36.6,1.2,Goal,9.62133046932699,TRUE
3755,Spain Women's,3893806,00:39:29.145,84,29,Shot,120,39.9,0.5,Goal,9.77445650662992,TRUE
177,Republic of Ireland Women's,3893807,00:03:35.731,3,35,Shot,120,37.2,2.1,Goal,39.6031564398597,TRUE
2068,Canada Women's,3893807,00:07:52.395,52,52,Shot,120,38,0.9,Goal,11.1018016555873,TRUE
640,Netherlands Women's,3893808,00:16:09.135,16,9,Shot,120,36.7,0,Goal,17.7002824836215,TRUE
2485,United States Women's,3893808,00:16:53.659,61,53,Shot,120,42.8,2.2,Goal,6.8818602136341,TRUE
1539,Australia Women's,3893809,00:45:52.330,45,52,Shot,120,42.9,0.2,Goal,14.1056726177804,TRUE
1641,Nigeria Women's,3893809,00:50:29.426,50,29,Shot,120,43,0.2,Goal,9.4540996398388,TRUE
2306,Nigeria Women's,3893809,00:19:23.983,64,23,Shot,120,43.1,0.7,Goal,3.71618083521241,TRUE
2382,Nigeria Women's,3893809,00:26:45.407,71,45,Shot,120,38.8,0.5,Goal,12.7816274394147,TRUE
3054,Australia Women's,3893809,00:54:12.282,99,12,Shot,120,37.5,1.5,Goal,5.28015151297764,TRUE
201,Portugal Women's,3893810,00:06:09.998,6,9,Shot,120,41.6,1.7,Goal,7.47328575661335,TRUE
659,Portugal Women's,3893810,00:20:26.478,20,26,Shot,120,38,0.2,Goal,14.5206749154438,TRUE
244,England Women's,3893811,00:05:45.479,5,45,Shot,120,43.7,0.9,Goal,22.5144398109302,TRUE
1040,South Africa Women's,3893812,00:29:38.017,29,38,Shot,120,38.3,0,Goal,9.63171843442281,TRUE
2581,South Africa Women's,3893812,00:20:15.995,65,15,Shot,120,39.6,2.2,Goal,5.41294744108974,TRUE
2892,Argentina Women's,3893812,00:28:12.183,73,12,Shot,120,43.1,2,Goal,26.1047888327027,TRUE
3055,Argentina Women's,3893812,00:33:13.846,78,13,Shot,120,37.4,0.6,Goal,14.0811931312655,TRUE
2496,China PR Women's,3893813,00:28:33.319,73,33,Shot,120,36.9,0,Goal,11.9004201606498,TRUE
1534,Sweden Women's,3893814,00:38:32.867,38,32,Shot,120,39.1,1.2,Goal,3.74833296279826,TRUE
1721,Sweden Women's,3893814,00:43:42.134,43,42,Shot,120,38.5,1.2,Goal,4.38292140016222,TRUE
1786,Sweden Women's,3893814,00:45:40.325,45,40,Shot,120,40.2,1.8,Goal,4,TRUE
2066,Sweden Women's,3893814,00:04:20.335,49,20,Shot,120,43.3,2.2,Goal,3.80788655293195,TRUE
3689,Sweden Women's,3893814,00:49:49.461,94,49,Shot,120,37.7,0.2,Goal,17.2661518584773,TRUE
627,France Women's,3893815,00:16:48.845,16,48,Shot,120,37.3,0.8,Goal,6.58027355054484,TRUE
2100,Brazil Women's,3893815,00:12:31.912,57,31,Shot,120,43.7,1.3,Goal,9.34344690143846,TRUE
2900,France Women's,3893815,00:37:07.420,82,7,Shot,120,43.1,2,Goal,10.2449987798926,TRUE
1873,Jamaica Women's,3893816,00:10:17.819,55,17,Shot,120,43.6,0.9,Goal,7.02139587261679,TRUE
2156,Colombia Women's,3893818,00:06:53.238,51,53,Shot,120,43.6,2.3,Goal,15.608331108738,TRUE
3325,Germany Women's,3893818,00:43:44.542,88,44,Shot,120,40.2,0.2,Goal,12,TRUE
3581,Colombia Women's,3893818,00:51:23.612,96,23,Shot,120,43.5,0.8,Goal,9.80051019080129,TRUE
209,Morocco Women's,3893819,00:05:45.294,5,45,Shot,120,36.7,0.5,Goal,8.91403387922662,TRUE
189,Norway Women's,3893820,00:05:56.193,5,56,Shot,120,42.3,1.5,Goal,8.80227243386616,TRUE
505,Norway Women's,3893820,00:16:08.007,16,8,Shot,120,43,2,Goal,9.56033472217369,TRUE
1026,Norway Women's,3893820,00:30:40.559,30,40,Shot,120,37,0.7,Goal,30.3585243383139,TRUE
1914,Norway Women's,3893820,00:07:09.379,52,9,Shot,120,37.1,0.2,Goal,11.9004201606498,TRUE
3313,Norway Women's,3893820,00:49:41.744,94,41,Shot,120,37.6,1.3,Goal,10.9859000541603,TRUE
373,Australia Women's,3893821,00:08:46.956,8,46,Shot,120,38.5,0.5,Goal,16.8798696677433,TRUE
1347,Australia Women's,3893821,00:38:52.752,38,52,Shot,120,41.3,0.2,Goal,2.66270539113887,TRUE
2345,Australia Women's,3893821,00:12:02.183,57,2,Shot,120,44.1,0.3,Goal,5.50817574156816,TRUE
3285,Australia Women's,3893821,00:48:30.000,93,30,Shot,120,37.3,1.4,Goal,12,TRUE
584,Japan Women's,3893822,00:11:32.127,11,32,Shot,120,36.7,0.2,Goal,12.7906215642556,TRUE
1414,Japan Women's,3893822,00:28:08.882,28,8,Shot,120,37,2.2,Goal,18.1176709319934,TRUE
1947,Japan Women's,3893822,00:39:42.094,39,42,Shot,120,37,2,Goal,15.7543644746464,TRUE
4128,Japan Women's,3893822,00:36:48.748,81,48,Shot,120,36.6,2.3,Goal,15.4486245342425,TRUE
116,Zambia Women's,3893823,00:02:12.633,2,12,Shot,120,40.6,2.3,Goal,10.7042047812997,TRUE
1041,Zambia Women's,3893823,00:30:37.035,30,37,Shot,120,37.4,0.2,Goal,11.9004201606498,TRUE
1592,Costa Rica Women's,3893823,00:01:49.207,46,49,Shot,120,41.5,1.3,Goal,3.1304951684997,TRUE
2802,Zambia Women's,3893823,00:47:02.933,92,2,Shot,120,40.6,0.3,Goal,12.9849913361542,TRUE
787,Denmark Women's,3893825,00:21:01.014,21,1,Shot,120,37.4,0,Goal,11.9004201606498,TRUE
3195,Denmark Women's,3893825,00:54:07.537,99,7,Shot,120,36.9,0.3,Goal,19.1441897190766,TRUE
338,Netherlands Women's,3893827,00:07:28.001,7,28,Shot,120,39.9,1.3,Goal,13.708391590555,TRUE
439,Netherlands Women's,3893827,00:10:34.793,10,34,Shot,120,43.6,0.5,Goal,16.6048185777503,TRUE
681,Netherlands Women's,3893827,00:17:02.858,17,2,Shot,120,43,1.9,Goal,29.5,TRUE
925,Netherlands Women's,3893827,00:22:51.040,22,51,Shot,120,42.5,1,Goal,6.5924198895398,TRUE
1741,Netherlands Women's,3893827,00:44:32.453,44,32,Shot,120,43.1,2.2,Goal,5.56057550978314,TRUE
2429,Netherlands Women's,3893827,00:11:47.888,56,47,Shot,120,42.9,1.9,Goal,28.1902465402486,TRUE
3466,Netherlands Women's,3893827,00:37:44.686,82,44,Shot,120,41.3,0.5,Goal,5.57135531087365,TRUE
233,England Women's,3893828,00:03:54.559,3,54,Shot,120,37.2,0.2,Goal,16.4246765569371,TRUE
1195,England Women's,3893828,00:25:44.082,25,44,Shot,120,38.7,0.2,Goal,17.3303202509359,TRUE
1750,England Women's,3893828,00:40:31.564,40,31,Shot,120,37.4,1.2,Goal,20.4943894761469,TRUE
2407,China PR Women's,3893828,00:11:53.728,56,53,Shot,120,39.9,0.3,Goal,11.9004201606498,TRUE
2766,England Women's,3893828,00:20:00.940,65,0,Shot,120,42.3,2,Goal,13.6124942607885,TRUE
3151,England Women's,3893828,00:31:03.785,76,3,Shot,120,38.8,0.2,Goal,18.4252544080129,TRUE
3397,England Women's,3893828,00:38:07.040,83,7,Shot,120,37.5,2,Goal,7.28628849277875,TRUE
27,Panama Women's,3893829,00:01:07.516,1,7,Shot,120,36.3,2.2,Goal,34.0506974965271,TRUE
649,France Women's,3893829,00:20:02.185,20,2,Shot,120,41.9,2,Goal,9.53362470417207,TRUE
818,France Women's,3893829,00:27:14.450,27,14,Shot,120,43.1,2,Goal,7.50732975164938,TRUE
1056,France Women's,3893829,00:36:45.501,36,45,Shot,120,36.7,0.2,Goal,11.9004201606498,TRUE
1590,France Women's,3893829,00:49:18.772,49,18,Shot,120,43.5,1.8,Goal,39.8177096277523,TRUE
1737,France Women's,3893829,00:06:13.304,51,13,Shot,120,36.3,0.2,Goal,12,TRUE
2115,Panama Women's,3893829,00:18:49.623,63,49,Shot,120,36.7,0.9,Goal,11.9004201606498,TRUE
2692,Panama Women's,3893829,00:41:09.746,86,9,Shot,120,36.5,1.3,Goal,4.92544414240991,TRUE
3104,France Women's,3893829,00:54:08.432,99,8,Shot,120,40.7,0.7,Goal,10.8374351209131,TRUE
2241,Sweden Women's,3893830,00:20:52.027,65,52,Shot,120,39.6,0.7,Goal,5.40092584655632,TRUE
2959,Sweden Women's,3893830,00:44:54.652,89,54,Shot,120,36.7,1.1,Goal,12,TRUE
437,Italy Women's,3893831,00:10:54.894,10,54,Shot,120,37.2,0.2,Goal,11.9004201606498,TRUE
2282,South Africa Women's,3893831,00:21:26.379,66,26,Shot,120,42.1,0.9,Goal,14.2635900109334,TRUE
2470,Italy Women's,3893831,00:28:25.309,73,25,Shot,120,41.4,0.9,Goal,3.42052627529741,TRUE
2951,South Africa Women's,3893831,00:46:30.570,91,30,Shot,120,37.9,1,Goal,7.52728370662352,TRUE
240,Korea Republic Women's,3893833,00:05:02.560,5,2,Shot,120,39.4,0,Goal,14.0292551477261,TRUE
1446,Germany Women's,3893833,00:41:16.034,41,16,Shot,120,43.8,1.3,Goal,7.25672102261069,TRUE
1694,Morocco Women's,3893834,00:48:40.262,48,40,Shot,120,42,1.1,Goal,3.605551275464,TRUE
213,Spain Women's,3901733,00:04:28.390,4,28,Shot,120,42.4,0.6,Goal,17.156339936012,TRUE
634,Spain Women's,3901733,00:16:53.573,16,53,Shot,120,37,0.8,Goal,9.4847245611035,TRUE
1381,Spain Women's,3901733,00:35:09.364,35,9,Shot,120,37.2,1.3,Goal,11.5316954521007,TRUE
1759,Spain Women's,3901733,00:44:13.875,44,13,Shot,120,41.4,0.8,Goal,5.43323108288246,TRUE
3125,Spain Women's,3901733,00:24:36.004,69,36,Shot,120,36.7,1.5,Goal,15.4625353677849,TRUE
750,Norway Women's,3901734,00:19:42.204,19,42,Shot,120,37.4,1.8,Goal,9.67470929795826,TRUE
2071,Japan Women's,3901734,00:04:27.680,49,27,Shot,120,43,1.1,Goal,9.58801335001157,TRUE
3250,Japan Women's,3901734,00:35:06.478,80,6,Shot,120,43.1,0.2,Goal,16.8760184877832,TRUE
4113,England Women's,3901735,00:03:26.996,123,26,Shot,120,41.3,2.3,Goal,11.9004201606498,TRUE
4117,England Women's,3901735,00:05:14.299,125,14,Shot,120,36.7,2.2,Goal,11.9004201606498,TRUE
4119,Nigeria Women's,3901735,00:06:15.343,126,15,Shot,120,42.3,1.1,Goal,11.9004201606498,TRUE
4121,England Women's,3901735,00:07:01.804,127,1,Shot,120,43.4,1,Goal,11.9004201606498,TRUE
4123,Nigeria Women's,3901735,00:07:57.290,127,57,Shot,120,43.2,1.8,Goal,11.9004201606498,TRUE
4125,England Women's,3901735,00:08:50.440,128,50,Shot,120,36.6,2.1,Goal,11.9004201606498,TRUE
1093,Australia Women's,3901736,00:28:17.114,28,17,Shot,120,38.2,0.2,Goal,14.2800560222991,TRUE
2704,Australia Women's,3901736,00:24:58.851,69,58,Shot,120,36.6,0.3,Goal,11.6764720699362,TRUE
348,Netherlands Women's,3901796,00:08:12.647,8,12,Shot,120,37.4,1.3,Goal,2.69258240356725,TRUE
2887,Netherlands Women's,3901796,00:22:22.965,67,22,Shot,120,41.4,0.2,Goal,26.16027522791,TRUE
4344,United States Women's,3901797,00:00:02.935,120,2,Shot,120,36.6,0.2,Goal,11.9004201606498,TRUE
4346,Sweden Women's,3901797,00:00:46.072,120,46,Shot,120,43.6,0.8,Goal,11.9004201606498,TRUE
4348,United States Women's,3901797,00:01:24.073,121,24,Shot,120,36.6,0.9,Goal,11.9004201606498,TRUE
4350,Sweden Women's,3901797,00:02:07.590,122,7,Shot,120,36.5,1.3,Goal,11.9004201606498,TRUE
4352,United States Women's,3901797,00:02:46.747,122,46,Shot,120,37.3,2,Goal,11.9004201606498,TRUE
4362,Sweden Women's,3901797,00:06:37.027,126,37,Shot,120,37.7,2.5,Goal,11.9004201606498,TRUE
4364,United States Women's,3901797,00:07:15.546,127,15,Shot,120,40.2,1.9,Goal,11.9004201606498,TRUE
4366,Sweden Women's,3901797,00:07:56.604,127,56,Shot,120,43.8,2,Goal,11.9004201606498,TRUE
4370,Sweden Women's,3901797,00:09:28.532,129,28,Shot,120,38.6,0.9,Goal,11.9004201606498,TRUE
1652,Colombia Women's,3901832,00:05:53.115,50,53,Shot,120,37.1,1.1,Goal,11.2004464196745,TRUE
643,France Women's,3901833,00:14:41.947,14,41,Shot,120,38.9,0.6,Goal,5.30094331227943,TRUE
822,France Women's,3901833,00:19:39.891,19,39,Shot,120,36.2,0.6,Goal,18.3831444535477,TRUE
946,France Women's,3901833,00:22:51.874,22,51,Shot,120,37.9,0.2,Goal,14.5578157702315,TRUE
2964,France Women's,3901833,00:24:53.499,69,53,Shot,120,36.8,1.3,Goal,5.34883164812653,TRUE
1468,Sweden Women's,3902239,00:31:08.216,31,8,Shot,120,43.2,2,Goal,5.40832691319599,TRUE
2242,Sweden Women's,3902239,00:05:17.415,50,17,Shot,120,36.7,0.2,Goal,12,TRUE
3561,Japan Women's,3902239,00:41:53.699,86,53,Shot,120,36.7,0.2,Goal,8.05232885567895,TRUE
2781,Spain Women's,3902240,00:35:16.785,80,16,Shot,120,36.2,0.2,Goal,11.9004201606498,TRUE
3053,Netherlands Women's,3902240,00:45:50.961,90,50,Shot,120,36.4,1.2,Goal,20.0997512422418,TRUE
4242,Spain Women's,3902240,00:05:36.645,110,36,Shot,120,43.7,0.5,Goal,16.7047897322894,TRUE
1659,Colombia Women's,3902967,00:43:49.814,43,49,Shot,120,39.7,2.3,Goal,26.4824470168449,TRUE
2018,England Women's,3902967,00:50:57.834,50,57,Shot,120,39.9,0.5,Goal,6.04152298679729,TRUE
2601,England Women's,3902967,00:17:25.481,62,25,Shot,120,37.9,0.2,Goal,14.060227594175,TRUE
3837,Australia Women's,3902968,00:01:26.011,121,26,Shot,120,36.4,0.3,Goal,12,TRUE
3839,France Women's,3902968,00:02:25.524,122,25,Shot,120,36.7,0.2,Goal,12,TRUE
3843,France Women's,3902968,00:04:11.243,124,11,Shot,120,37.1,1.2,Goal,12,TRUE
3845,Australia Women's,3902968,00:05:05.734,125,5,Shot,120,41.3,0.2,Goal,12,TRUE
3847,France Women's,3902968,00:05:54.774,125,54,Shot,120,42.8,0.2,Goal,12,TRUE
3849,Australia Women's,3902968,00:06:47.628,126,47,Shot,120,36.8,0.5,Goal,12,TRUE
3855,France Women's,3902968,00:09:31.651,129,31,Shot,120,38.3,0.5,Goal,12,TRUE
3857,Australia Women's,3902968,00:10:47.035,130,47,Shot,120,37.4,0.5,Goal,12,TRUE
3859,France Women's,3902968,00:11:30.518,131,30,Shot,120,41.3,2,Goal,12,TRUE
3861,Australia Women's,3902968,00:12:25.363,132,25,Shot,120,42.6,0.2,Goal,12,TRUE
3863,France Women's,3902968,00:13:17.072,133,17,Shot,120,41.2,1.3,Goal,12,TRUE
3865,Australia Women's,3902968,00:14:12.480,134,12,Shot,120,36.1,0.7,Goal,12,TRUE
3873,Australia Women's,3902968,00:19:05.499,139,5,Shot,120,42.2,0.2,Goal,12,TRUE
3202,Spain Women's,3904628,00:35:28.154,80,28,Shot,120,43.4,0.3,Goal,11.0602893271379,TRUE
3290,Sweden Women's,3904628,00:42:24.846,87,24,Shot,120,41.6,1.6,Goal,9.88433103452126,TRUE
3303,Spain Women's,3904628,00:43:59.274,88,59,Shot,120,40.4,2.1,Goal,22.8895172513533,TRUE
1301,England Women's,3904629,00:35:35.762,35,35,Shot,120,43.2,2,Goal,18.0479915780122,TRUE
2348,Australia Women's,3904629,00:17:25.674,62,25,Shot,120,37.1,1.8,Goal,25.3001976276866,TRUE
2528,England Women's,3904629,00:25:18.578,70,18,Shot,120,42.7,0.7,Goal,11.9553335377981,TRUE
2897,England Women's,3904629,00:40:43.741,85,43,Shot,120,36.9,0.8,Goal,15.9790487827029,TRUE
990,Sweden Women's,3906389,00:29:10.378,29,10,Shot,120,43.5,0.3,Goal,12,TRUE
2301,Sweden Women's,3906389,00:16:39.142,61,39,Shot,120,43.6,1,Goal,19.4941016720443,TRUE
1165,Spain Women's,3906390,00:28:29.842,28,29,Shot,120,43.5,0.2,Goal,20.1658126540936,TRUE
